object_id,ein,organization_name,tax_period,band,split,dln,pdf_filename
202401289349300015,521672866,GOOD SAMARITAN NURSING CENTER INC,202306,small,dev,93493128000154,521672866_202306_990_2024051722393831.pdf
202403309349301365,840804704,ARAPAHOE COUNTY BAR ASSOCIATION,202407,small,dev,93493330013654,840804704_202407_990O_2025042523401114.pdf
202413179349307291,824943049,WISCONSIN OPPORTUNITY COALITION INC,202312,small,dev,93493317072914,824943049_202312_990O_2025032023244076.pdf
202442489349300149,680005659,GOLD COUNTRY SOCCER LEAGUE,202404,small,dev,93493248001494,680005659_202404_990_2025013123057010.pdf
202431359349306908,383738538,ROSATI CENTER,202306,small,dev,93493135069084,383738538_202306_990_2024062122567505.pdf
202400379349300025,840406728,KAPPA SIGMA FRATERNITY 87 GAMMA-GAMMA,202305,small,dev,93493037000254,840406728_202305_990O_2024022022300768.pdf
202222569349300112,411657792,Valley Crest Riders Inc,202112,small,dev,93493256001122,411657792_202112_990_2023020320900303.pdf
202401919349301955,843426645,Southern Utah Indian Association,202312,small,test,93493191019554,843426645_202312_990_2025011723009842.pdf
202412569349301736,731521230,FIRST CHOICE PREGNANCY CENTER INC,202312,small,test,93493256017364,731521230_202312_990_2025013123059326.pdf
202411739349301206,042583027,KAJI ASO STUDIO INC,202210,small,test,93493173012064,042583027_202210_990_2024070522667327.pdf
202433029349302103,452684767,NEW PRAIRIE ACTIVITY CENTER,202406,small,test,93493302021034,452684767_202406_990_2025021023087855.pdf
202440199349300504,833592939,ISLAA FOUNDATION,202112,small,test,93493019005044,833592939_202112_990_2024020822279469.pdf
202443199349317254,203094906,PETS COME FIRST INC,202312,small,test,93493319172544,203094906_202312_990_2025021923114708.pdf
202433209349310188,833141324,Kaleidoscope Community Organization,202312,small,test,93493320101884,833141324_202312_990_2025030323143229.pdf
202441289349303379,825123018,AMERICAN LEGION,202312,small,test,93493128033794,825123018_202312_990O_2024061722534232.pdf
202413189349310366,883724067,BEAUTIFUL PADUCAH INC,202312,small,test,93493318103664,883724067_202312_990_2025022823134753.pdf
202412229349300711,430951958,BENEVOLENT & PROTECTIVE ORDER OF ELKS 2439,202403,small,test,93493222007114,430951958_202403_990O_2025031723216848.pdf
202443209349308354,770650770,Yolo County Board of Education Financing Corporation,202406,small,test,93493320083544,770650770_202406_990_2025030523153883.pdf
202402229349301705,264288433,NEST EDUCATIONAL MINISTRIES INC,202312,small,test,93493222017054,264288433_202312_990_2025012923046183.pdf
202422149349301357,363548689,Lake County Childrens Advocacy Center,202312,small,test,93493214013574,363548689_202312_990_2025011723016214.pdf
202443189349300149,521047806,CAPITAL REGION MINORITY SUPPLIER DEVELOPMENT COUNCIL,202312,medium,dev,93493318001494,521047806_202312_990_2025021923105972.pdf
202410899349300626,020426312,SHALLOW RIVER PROPERTIES INC,202306,medium,dev,93493089006264,020426312_202306_990O_2024041022354039.pdf
202422479349301127,043261186,COMMUNITY FARMS OUTREACH INC,202312,medium,dev,93493247011274,043261186_202312_990_2025013123056529.pdf
202431179349302058,752865488,AGAPE MANOR HOMES INC,202312,medium,dev,93493117020584,752865488_202312_990_2024061122517179.pdf
202421929349300117,510262153,MILLSBORO HOUSING FOR PROGRESSINC,202312,medium,dev,93493192001174,510262153_202312_990_2024080522766896.pdf
202432819349301973,824033461,CALIFORNIA SERVICE DOG ACADEMY,202312,medium,dev,93493281019734,824033461_202312_990_2025020323072146.pdf
202440899349300944,911248443,FAMILY CRISIS NETWORK,202306,medium,dev,93493089009444,911248443_202306_990_2024041522363553.pdf
202232559349302063,526050518,TANEYTOWN VOLUNTEER FIRE CO 1,202206,medium,test,93493255020632,526050518_202206_990O_2023030221004828.pdf
202423129349301872,200016255,CONSERVATION VOTERS NEW MEXICO,202312,medium,test,93493312018724,200016255_202312_990O_2025031923235682.pdf
202433209349316353,942495604,Galeria Studio 24,202312,medium,test,93493320163534,942495604_202312_990_2025030323145103.pdf
202402689349301540,261600734,Loving On Purpose,202312,medium,test,93493268015404,261600734_202312_990_2025020323065218.pdf
202421299349303902,112508370,SOUTHWEST BROOKLYN INDUSTRIAL DEVELOPMENT CORPORATION,202306,medium,test,93493129039024,112508370_202306_990_2024051722396048.pdf
202441109349300914,800627614,iFoster Inc,202306,medium,test,93493110009144,800627614_202306_990_2024050722385461.pdf
202432749349300828,223321055,DITSON STREET SENIOR HOUSING INC,202406,medium,test,93493274008284,223321055_202406_990_2025020323069866.pdf
202400439349300310,043103354,ASIAN TASK FORCE AGAINST DOMESTIC VIOLENCE INC,202306,medium,test,93493043003104,043103354_202306_990_2024022022296146.pdf
202432829349301653,314406219,OHIO INSURANCE AGENTS ASSOCIATION INC,202312,medium,test,93493282016534,314406219_202312_990O_2025031723225454.pdf
202413209349310136,834415468,LPS CHARITABLE FOUNDATION INC,202406,medium,test,93493320101364,834415468_202406_990_2025030523157325.pdf
202403469349300520,141909563,UU WORLD OF CHILDREN,202406,medium,test,93493346005204,141909563_202406_990_2025041023348193.pdf
202440619349300349,830248919,Big Horn Basin Counseling Service,202306,medium,test,93493061003494,830248919_202306_990_2024031222316010.pdf
202443039349300144,561229401,Harkers Island Fire and Rescue Dept Inc,202406,medium,test,93493303001444,561229401_202406_990_2025021023085953.pdf
202441309349304359,363296367,Rainbow Hospice and Palliative Care,202306,large,dev,93493130043594,363296367_202306_990_2024051722391870.pdf
202432649349300408,576036401,WILDS CHRISTIAN ASSOCIATION INC,202405,large,dev,93493264004084,576036401_202405_990_2025020323065793.pdf
202440249349300004,570524184,CHARLESTON DAY SCHOOLINC,202306,large,dev,93493024000044,570524184_202306_990_2024020822279822.pdf
202403199349319060,462216869,Gencure,202312,large,dev,93493319190604,462216869_202312_990_2025022623126282.pdf
202413189349303336,132613383,PREP FOR PREP,202406,large,dev,93493318033364,132613383_202406_990_2025022823133598.pdf
202420819349301122,956042917,CALIFORNIA FIELD IRON WORKERS APPRENTICESHIP AND JOURNEYMAN RETRAINING Fund,202305,large,dev,93493081011224,956042917_202305_990O_2024040422334446.pdf
202411069349300911,951716809,Pacific Oaks Education Corporation,202305,large,dev,93493106009114,951716809_202305_990_2024042322372584.pdf
202431179349301033,431020886,SOUTHEAST MISSOURI AREA AGENCY ON AGING INC,202306,large,test,93493117010334,431020886_202306_990_2024051722391016.pdf
202423209349316372,410313750,HIWAY CREDIT UNION,202312,large,test,93493320163724,410313750_202312_990O_2025042523400491.pdf
202401309349301820,340801310,RABBINICAL COLLEGE OF TELSHE INC,202306,large,test,93493130018204,340801310_202306_990_2024051722395556.pdf
202411289349303261,370811658,MEMBERS FIRST COMMUNITY CREDIT UNION,202312,large,test,93493128032614,370811658_202312_990O_2024061722534856.pdf
202440509349300719,560862396,WAKE CHRISTIAN ACADEMY INC,202306,large,test,93493050007194,560862396_202306_990_2024031222312874.pdf
202430529349300533,344476330,Adriel School Inc,202306,large,test,93493052005334,344476330_202306_990_2024031222312497.pdf
202411279349301146,942211685,WEST VALLEY COMMUNITY SERVICES OF SANTA CLARA COUNTY INC,202306,large,test,93493127011464,942211685_202306_990_2024051722396564.pdf
202401329349300700,481078862,VIA CHRISTI VILLAGE MANHATTAN INC,202306,large,test,93493132007004,481078862_202306_990_2024062122569302.pdf
202423259349301362,412121187,AUSTIN AFFORDABLE HOUSING CORPORATION,202403,large,test,93493325013624,412121187_202403_990_2025031423210934.pdf
202422929349300827,520660403,HAGERSTOWN GOODWILL INDUSTRIES INC,202312,large,test,93493292008274,520660403_202312_990_2025020623079872.pdf
202441369349315989,526057762,Iron Workers Trust Fund Local No 5 Washington DC Welfare Fund,202306,large,test,93493136159894,526057762_202306_990O_2024061822542832.pdf
202443179349306129,166028421,CHAUTAUQUA FOUNDATION INC,202312,large,test,93493317061294,166028421_202312_990_2025021423103978.pdf
202433199349307518,205010527,Living Goods,202312,large,test,93493319075184,205010527_202312_990_2025022823135596.pdf
