object_id,pages,continuation_pages
202401289349300015,7 8,0
202403309349301365,7 8,0
202413179349307291,7 8,0
202442489349300149,7 8,0
202431359349306908,7 8,0
202400379349300025,7 8,0
202222569349300112,7 8,0
202443189349300149,7 8 14 15 16 17,4
202410899349300626,7 8,0
202422479349301127,7 8,0
202431179349302058,7 8,0
202421929349300117,7 8,0
202432819349301973,7 8,0
202440899349300944,7 8,0
202441309349304359,7 8,0
202432649349300408,7 8,0
202440249349300004,7 8,0
202403199349319060,7 8,0
202413189349303336,7 8 16 17 18 19 20 21 22 23 24,9
202420819349301122,7 8 14 15 16,3
202411069349300911,7 8,0
