object_id,ein,tax_period,reason
202431369349309508,813513216,202306,0 Form 990 PDFs for 813513216 period 202306
202401459349300110,851197955,202312,0 Form 990 PDFs for 851197955 period 202312
202441379349301614,237116252,202312,0 Form 990 PDFs for 237116252 period 202312
202401369349312985,853057115,202312,0 Form 990 PDFs for 853057115 period 202312
202401369349314230,592976392,202306,0 Form 990 PDFs for 592976392 period 202306
202441369349316714,113357076,202312,0 Form 990 PDFs for 113357076 period 202312
202421349349304512,161492032,202306,0 Form 990 PDFs for 161492032 period 202306
202421559349300927,223813801,202312,0 Form 990 PDFs for 223813801 period 202312
202431369349310168,272517121,202306,0 Form 990 PDFs for 272517121 period 202306
202441369349308339,842188439,202306,0 Form 990 PDFs for 842188439 period 202306
202431349349304428,953497056,202306,0 Form 990 PDFs for 953497056 period 202306
202441369349303494,521139792,202306,0 Form 990 PDFs for 521139792 period 202306
202411699349300791,530226282,202307,0 Form 990 PDFs for 530226282 period 202307
202441359349304109,863414545,202306,0 Form 990 PDFs for 863414545 period 202306
202441369349319554,201924540,202306,0 Form 990 PDFs for 201924540 period 202306
